{
  "products": [
    {
      "id": 1
    },
    {
      "name": "Eggs",
      "cost": "60",
      "id": "12302e33-fee9-4bbd-966d-dd9c1a415c9a"
    },
    {
      "name": "Milk",
      "cost": "76",
      "id": "22a7cde7-24cf-4c16-9030-416be855fb06"
    },
    {
      "name": "Ragi",
      "cost": "87",
      "id": "2080201e-0997-474f-9ed5-b56f2f4e6650"
    },
    {
      "name": "Veg",
      "cost": "89",
      "id": "9a685fde-0c6a-4e5b-ab38-3ea43de5b20b"
    },
    {
      "name": "Chicken",
      "cost": "2000",
      "id": "a7fbee57-8458-4aba-98a4-abb2f7e09944"
    },
    {
      "name": "Water",
      "cost": "79",
      "id": "b957513e-ca10-471d-aa0b-50fdc62283bd"
    }
  ]
}